{
  "accuracy": 0.6505681818181818,
  "precision": 0.5384615384615384,
  "recall": 0.7608695652173914,
  "specificity": 0.5794392523364486,
  "auc": 0.7426435730732763,
  "statistical_power": 0.7608695652173914,
  "type_i_error": 0.4205607476635514,
  "type_ii_error": 0.2391304347826087,
  "f1": 0.6306306306306305,
  "optimal_threshold": 0.6000000000000003,
  "confusion_matrix": [
    [
      248,
      180
    ],
    [
      66,
      210
    ]
  ]
}