{
  "accuracy": 0.609375,
  "precision": 0.501002004008016,
  "recall": 0.9057971014492754,
  "specificity": 0.4182242990654206,
  "auc": 0.771434376269809,
  "statistical_power": 0.9057971014492754,
  "type_i_error": 0.5817757009345794,
  "type_ii_error": 0.09420289855072464,
  "f1": 0.6451612903225806,
  "optimal_threshold": 0.22000000000000003,
  "confusion_matrix": [
    [
      179,
      249
    ],
    [
      26,
      250
    ]
  ]
}