{
  "accuracy": 0.5596590909090909,
  "precision": 0.4697508896797153,
  "recall": 0.9565217391304348,
  "specificity": 0.3037383177570093,
  "auc": 0.7602177299200867,
  "statistical_power": 0.9565217391304348,
  "type_i_error": 0.6962616822429907,
  "type_ii_error": 0.043478260869565216,
  "f1": 0.630071599045346,
  "optimal_threshold": 0.37500000000000017,
  "confusion_matrix": [
    [
      130,
      298
    ],
    [
      12,
      264
    ]
  ]
}